Item ID,QTY
110-B053791,3
110-B056482,10
110-B056596,1
110-B057804,1
110-B067449,6
110-B069002,2
110-B069003,4
110-B070084,2
110-B072218,16
110-B072695,1
110-B072696,17
110-B076789,16
110-B076790,3
110-B076793,2
110-B100401,1
110-B100402,21
110-B100446,7
110-B100514,1
110-B100515,4
110-B100594,6
110-B100751,2
110-B101030,2
110-B101061,57
110-B101396,2
110-B101420,3
110-B101421,4
110-B101484,14
110-B101485,3
110-B101518,5
110-B101665,38
110-B102180,3
110-B102490,1
110-B878361,2
110-BCK1000,8
110-BCK1001,6
110-BCK1005,1
110-BCK1008,1
110-DPP116,10
111-BSB324MGN,62
111-BSB324MGP,241
111-BSB324N,13
111-BSB324P,91
111-BSB405N,57
111-BSB405P,115
111-BSG262N,2
111-BSG343N,11
111-BSG424N,2
111-C3PK1,2
111-H3PK1,1
111-H3PK2N,1
111-H3PK3N,2
111-H3X,3
111-H4-X,4
111-H4XN,2
111-P3PK5,4
111-P3PK5N,1
111-P3PK7N,5
111-P3SX,6
111-P3SXN,1
111-P3X,8
111-P3XF,3
111-P3XFN,7
111-P3XN,9
111-P4X,7
111-P4XN,2
111-Q3PK1,2
111-Q3XN,3
111-R3,1
111-R3BN,1
111-R3N,1
112-B069756,53
112-B102492,1
112-BBA,1
112-BHAX2,1
112-BL26P,1
112-BL48G,3
112-BSABF12N,9
112-BSABW16N,8
112-BSACT26,9
112-BSACT32,18
112-BSACT34,7
112-BSACT40,15
112-BSACT42,4
112-BSACV26S,1
112-BSACV34L,6
112-BSACV34S,5
112-BSACV42L,1
112-BSACV42S,10
112-BSAD1722,17
112-BSAD2422,23
112-BSAD2622D,8
112-BSAD3422D,19
112-BSAD4222D,13
112-BSAF12DN,16
112-BSAMR32,22
112-BSAMR34,1
112-BSAMR40,31
112-BSAMR42,1
112-BSASL12,6
112-BSASL16,12
112-BSASL26,1
112-BSASL32,115
112-BSASL34,2
112-BSASL40,113
112-BSASL42,2
112-BSATY,16
112-BSAVR,1
112-BSAW1826R,26
112-BSAW1826T,8
112-BSAW2022,26
112-BSAW2022D,15
112-BSAW3422SD,13
112-BSAW4222ST,14
112-BSB322GN,86
112-BSB322GP,247
112-DCB1,6
112-DPA100,7
112-DPA103,27
112-DPA104,4
112-DPA106,3
112-DPA107,5
112-DPA109,51
112-DPA110,118
112-DPA111,17
112-DPA112,16
112-DPA114,2
112-DPA115,5
112-DPA116,11
112-DPA117,14
112-DPA118,1
112-DPA120,2
112-DPA121,2
112-DPA150,2
112-DPA151N,1
112-DPA153,6
112-DPA18BL,7
112-DPA27,5
112-DPA304,1
112-DPA34,65
112-DPA45,13
112-DPA51,5
112-DPA8,18
112-DPP101,49
112-DPP102,76
112-DPP109,11
112-DPP111,70
112-DPP112,1
112-DPP118,20
112-DPP155,10
112-DPP158,2
112-DPP19,10
112-DPP7SS,32
112-FKBLACK,3
112-FKSS,2
112-NG12,9
112-PCB1,6
112-PSCB1,3
112-SKFB2,14
112-SKFPB2,33
112-SKSS2,14
112-SS26P,11
112-SS48G,1
131-HBC2COVER,20
131-HBC4COVERL,1
131-HBCBASKETO,11
131-HBCSCUTTLE,1
131-HBG3PLATEC,1
131-HBGLOVELX,5
131-HBGNGKUSV3,1
131-HBOYSRPDQ,5
131-HBPIZZAPEEL,6
131-HBPREMKITL3,3
131-HBSBPDQ,1
131-HBSHELLCTS,18
131-HBTWEEZERL,1
137-COVBI400,6
137-COVBI805,18
137-COVMA90C,5
137-COVMAI805,20
137-COVMAI805-90KEG,1
137-COVMAI805-BEV,2
137-COVMASF,2
137-MA400-AW,5
137-MA400-AWBSS,5
137-MA45C,18
137-MA805-AW,5
137-MA805-AWBSS,4
137-MA90C,14
137-MA-957,6
137-MA-957FC,4
137-MABI400,6
137-MABI805,21
137-MACT,6
137-MAF,6
137-MAGR,46
137-MAI400-D,5
137-MAI400-DFC,5
137-MAI805-BSS,9
137-MAI805-BSSFC,4
137-MAI805-D,3
137-MAI805-DFC,10
137-MA-KEG,14
137-MANGK,28
137-MAPCL,3
137-MAPK,4
137-MAPZ-SS,2
137-MAROTIS,5
137-MASBP,1
137-MASF,8
137-MASF-BSS,6
137-MASFM,4
137-MASFM-BSS,3
137-MASHP,3
137-MATK,5
163-PG00311,5
163-PG00312,3
163-PG00313,5
163-PG00315,1
163-PG00316,4
163-PG00321,8
163-PG00324,107
163-PG00325,7
163-PG00326,20
163-PG00331,12
163-PG00332,13
163-PG00333,22
163-PG00334,7
163-PG00335,4
163-PG00336,8
163-PG00337,10
163-PG00338,18
163-PG00339,1
163-PG00340,1
163-PG00341,1
163-PG00342,5
163-PG00344,9
163-PG00350,6
163-PG00351,2
163-PG00352,2
163-PG00354,2
163-PG00359,4
163-PG00360,6
163-PG00361,15
163-PG00363,2
163-PG00364,2
163-PG00365,5
163-PG00368,8
163-PG00369,9
163-PG00370,7
163-PG00409,13
163-PG00410,1
163-PG00413,3
163-PG00414,5
163-PG00415,3
163-PG00416,13
163-PG00417,4
163-PG00423,4
163-PG00424,3
163-PG00502,4
163-PG00503,2
163-PG00608,140
163-PG00609,33
163-PG00612,1
163-PG00613,2
163-PG00614,3
163-PG00770,9
163-PG00776,11
163-PG00777,15
163-PG0132300,1
163-PG0136902,3
163-PG0175005,2
163-PG0177303MOD,1
163-PG0177403,1
163-PG0177406,2
163-PG0177418,1
163-PG0177505,6
163-PG0177507,8
163-PG0177801,1
163-PG0177803,14
163-PG0177807,5
163-PG0177813,1
163-PG0177902,1
163-PG0177904,1
163-PG0177909,2
163-PG0178005,6
163-PG1000196,7
163-PG1000211,2
163-PG1000217,1
163-PG1000243,1
163-PG1000258,2
163-PG1000373,1
163-PG1000376,1
163-PG1000378,2
163-PGCJR,2
163-PGCJRC,10
163-PGCJRH,4
163-PGCLG,4
163-PGCLGC,6
163-PGCLGH,18
163-PGCR,2
163-PGCRC,11
163-PGCRH,7
163-PGCXL,14
163-PGCXLC,11
163-PGCXLH,15
163-PGCXLHJ,3
163-PGCXXLC,6
163-PGCXXLH,18
163-PGEFIRE,6
163-PGHLLG,1
163-PGHLXL,9
163-PGHR,2
163-PGHXL,3
163-PGLGDP,3
163-PGLGP,4
163-PGLGR,2
163-PGPLUS,7
163-PGRBF,7
163-PGRBK,19
163-PGRBO,12
163-PGRDP,8
163-PGRP,2
163-PGRR,10
163-PGXLDP,25
163-PGXLG,7
163-PGXLGRC,6
163-PGXLP,10
163-PGXLR,19
164-WKAC-K01S,11
164-WKAC-K02S,2
164-WKAC-LIL,7
164-WKA-PC01,25
164-WKCT-2S,2
164-WKCT-3S,1
164-WKLP-12-2,17
164-WKLP-14-2,4
164-WKLP-1636-2,5
164-WKPA-01,2
164-WKPA-1226W,2
164-WKPA-1438W,2
183-1224-GREY-GLASS-COVER,4
183-1242-GREY-GLASS-COVER,1
183-21005,1
183-BC-20-MNB,1
183-BC-20-WO,3
183-BI16,1
183-BP1236-A,5
183-BP1242-A,1
183-BP24S-A,1
183-BRON52-CG-TC,1
183-BRON52-CG-TC-K,1
183-BRON52-K,3
183-CF-DSI-R,1
183-CF-DSI-SB,1
183-CFG-A,3
183-CFG-AM,6
183-CFG-D,8
183-CFG-O,2
183-CFLD-B,2
183-CFLD-C,1
183-CFP1224-K,6
183-CFP1242-K,2
183-CFP20-K,15
183-CFP2424-K,4
183-CFP30DSING,1
183-CFP30-K,4
183-CF-SPARKER,1
183-CP-VENT-BLOCK-BLK,6
183-CR-1242-K,2
183-CT-CONTROL PANEL,1
183-CUSTOM-BP,1
183-CV-20,2
183-CV-2424,1
183-CV-30,1
183-CV-30E,1
183-CV-30EWHT,1
183-CV-30WT,1
183-CV-72,1
183-CVR36,1
183-CVR4634,1
183-CVR50,4
183-CVR5132,1
183-CVR5151,2
183-CVR5427,16
183-CVR55,1
183-CVR6332,2
183-CVR6549,3
183-CVR7528,1
183-DAR-1224-K,1
183-DENBR-1242,1
183-DIY-36RD-K,3
183-DSI-CP-BLK,3
183-ED-20,1
183-FWG-1242,2
183-GG-12108,2
183-GLASS GUARD-1224,1
183-GLASS GUARD-1242,3
183-GLASS GUARD-1264,3
183-GLASS GUARD-20-R,2
183-GLASS GUARD-2424,1
183-GLASS GUARD-30-R,2
183-HBV-1242-K,1
183-HWDW-1224-K,1
183-HWGG-1242-K,2
183-KL-1242MDSILP,1
183-KL-1242-MM,1
183-KN-1224,1
183-KW-1224-19-K,2
183-KW-1242-K,1
183-LAVA-BLK,9
183-LAV-TMB,3
183-MCR-1242-BLK-K,2
183-MG-1242-BLSM-K,2
183-NAPLES-4030-L,2
183-PROV-1224-SS,1
183-SF-32-BC,1
183-UPT-1242,1
183-UPT-1242-BRN,1
183-VCSV-CP,1
183-VCSV-DIY-CP,1
183-VCSV-WG,1
183-VENT BLOCK BLACK,3
191-11-S1S1N-A,7
191-12-SC01C-A,4
191-14-SC01C-A,2
191-22-SC01C-G6,9
191-22-SC01C-P6,3
191-31-S1S1N-A,1
191-31-S1S1P-A,3
191-34-S2S1P-A,1
191-3C-S1S1P-A,4
191-5660P,3
191-A430I-7EAN,2
191-A430I-7EAP,2
191-A430I-8EAN,1
191-A430I-8EAP,1
191-A540I-7EAN,4
191-A540I-7EAP,4
191-A540I-8EAN,7
191-A540I-8EAP,1
191-A660I-7EAN,5
191-A660I-8EAN,2
191-A660I-8EAP,4
191-A660S-8LAN-61,1
191-A790I-7EAN,4
191-A790I-7EAP,1
191-A790I-7LAP,1
191-A790I-8EAN,4
191-A790I-8EAP,2
191-A790I-8LAN,2
191-A790I-8LAP,1
191-A830I-7EAN-CB,1
191-A830I-7EAP-CB,1
191-C430I-RT1N,2
191-C430I-RT1P,2
191-C540I-RT1N,14
191-C540I-RT1P,5
191-C650I-RT1N,2
191-CM430S-RT1N-P6,2
191-E1060I-9L1N,3
191-E251S-1Z1E-P6,10
191-E251T-1Z1E,2
191-E660I-0T4N,2
191-E660I-0T4P,3
191-E660I-1T4P,9
191-E660I-8EAN,1
191-E660I-8EAP,2
191-E660I-8EAP-W,2
191-E660I-8L1P-W,1
191-E790I-8LAN,1
191-E790I-9E1N,1
191-ID251-R-44SM,2
191-IP50-D-48,1
192-10353,2
192-11351,1
192-19-5B2N-0,3
192-19-5B2P-0,1
192-19-7B1N-0,3
192-19-7B2N-0,4
192-19-H5B1P-0,1
192-19-KB2N-0,4
192-1D-S0,6
192-21430-22P,6
192-23115-01,2
192-23115-02,4
192-23115-07,1
192-23150-52,4
192-23278-12,4
192-23302,1
192-23305,4
192-23305-1,1
192-23307,2
192-23543-DS-3,2
192-23745-03,6
192-23745-05,3
192-23745-10,5
192-23830-SW-CD,3
192-23912-S,2
192-23914-S,11
192-23920-1-S,1
192-23920-S,5
192-23930-S,8
192-24171-11,1
192-24177-05,5
192-24177-06,4
192-24177-18,5
192-24177-27,4
192-24177-28,3
192-24177-29,1
192-24177-35,6
192-24180-12,2
192-24180-12H,7
192-24180-37,9
192-24182-12,21
192-24182-41,30
192-24182-42,3
192-24182-45,1
192-24182-46,37
192-24182-53,3
192-24182-64,4
192-24182-65,8
192-24182-68,1
192-24187-11,2
192-24187-13,6
192-24187-14S,2
192-24187-15,160
192-24187-17,29
192-24187-18,8
192-24187-19,3
192-24187-22,14
192-24187-27,1
192-24187-28,18
192-24187-29,35
192-24187-35,11
192-24187-36,4
192-24187-38,4
192-24187-46,1
192-24187-51,14
192-24187-53,1
192-24187-65L,1
192-24187-65R,3
192-24789-02,1
192-25186-20F,6
192-3000-65,1
192-3001-03,6
192-3001-45-1,8
192-3001-46-1,13
192-3001-49-1,28
192-3001-50-1,31
192-3001-51-1,2
192-3001-52-2,3
192-3001-53-3,3
192-3001-54-1,30
192-3001-55-1,10
192-3001-57-1,12
192-3001-58-1,4
192-3001-61-1,5
192-3003-77-1,5
192-3004,24
192-3005,2
192-3008,48
192-3008-06,32
192-3008-07,2
192-3008-11,7
192-3008-12,1
192-3009,10
192-3013,14
192-3014,1
192-3015,57
192-3016,2
192-3018,5
192-3023,2
192-3024,4
192-3025,9
192-3036,1
192-3037,8
192-3041-40-2,25
192-3041-50,56
192-3042-40-2,51
192-3042-50,18
192-3046,6
192-3048-03-2,25
192-3048-10,9
192-3049A,3
192-3052-S,46
192-3053-S,93
192-3054-S,51
192-3055-S,13
192-3056A,16
192-3056-S-2,4
192-3056-S-3,29
192-3056-S-4,3
192-3057-S-3,45
192-3061-S,39
192-3063-S-2,3
192-3064-S-3,21
192-3065A,4
192-3070-S-3,1
192-3082,5
192-3084,1
192-3088,1
192-3090-01,26
192-3090A,123
192-3092-01,35
192-3092D,350
192-3150-12,5
192-3162-06,1
192-3176-52,3
192-3186-52,4
192-3199-01,29
192-3199-09,1
192-3199-29,2
192-3199-36,5
192-3199-42,1
192-3199-44,2
192-3199-45,48
192-3199-47,81
192-3199-48,11
192-3199-50,3
192-3199-51,4
192-3199-60,68
192-3199-61,50
192-3199-64,50
192-3199-72,33
192-3270-06-2,20
192-3270-21,1
192-3275-5F,7
192-3276-5F,15
192-3278-52,2
192-3279-07,1
192-3280,8
192-32817P,3
192-3301,3
192-3304,6
192-3304-S,1
192-3339-71,2
192-33596,1
192-33596-5F,1
192-33802,1
192-33803,3
192-33810S,3
192-33816S,4
192-33820-SR,1
192-33830-S,3
192-33830-SW,2
192-33914-SR,7
192-33920-1-SR,3
192-33920-SL,2
192-33920-SR,5
192-33924-SR,4
192-33930S,10
192-33930S-12T,6
192-33938S,2
192-3502,6
192-3513A,15
192-3514,10
192-3515A,10
192-3516A,19
192-3518,19
192-35189-20F,1
192-3519,7
192-3537-S-2,3
192-3539-DS-3,5
192-3542-DS-2,8
192-3543-DS-3,11
192-3544-DS-3,10
192-3545,1
192-3549-2,1
192-3557-12,592
192-3558-12,18
192-3561,3
192-3564-2,7
192-3565,1
192-3567,17
192-3573,13
192-3574,1
192-3575C,75
192-3585-12,4
192-3587,47
192-3588,164
192-3589-DL,6
192-3589-DR,8
192-3594-DL,1
192-3594-DR,1
192-3596A,7
192-3598,9
192-3598-23,1
192-3598-DL,4
192-3598-DR,11
192-3598H-DL,1
192-3598H-DR,1
192-3600-05,1
192-3600-05M,1
192-3600-50,13
192-3603G,2
192-3604S,3
192-3606G,2
192-3609-40,2
192-3613,2
192-3615E,10
192-3617E,21
192-3618,20
192-3620E,3
192-3632-10,8
192-3641-01F,4
192-3641-05F,2
192-3641F,16
192-3642F,2
192-3643-05F,6
192-3643F,44
192-3644-02F,1
192-3644F,1
192-3645F,1
192-3647F,64
192-3648F,1
192-3651F,50
192-3652,1
192-3654,1
192-3657F,1
192-3662F,1
192-3672S-M,1
192-3674S-M,1
192-3675S-M,1
192-3683,1
192-36-VH-7,10
192-36-VH-7-02,5
192-3730-001A,2
192-3730-02,3
192-3743-26,1
192-3809AL,5
192-3809AR,1
192-3820-S-30-2,2
192-3820-SC-30-2,1
192-3821,1
192-3837,1
192-3900-41,2
192-3900-44,1
192-42-VH-7,3
192-42-VH-7-02,2
192-42-VH-7-DC,5
192-4732-09,1
192-48-VH-7,3
192-5110-03,2
192-5110-07,8
192-5110-34,3
192-5115-20F,4
192-5135-20F,2
192-5160-20F,4
192-5185-20F,4
192-5186-20F,1
192-5188-20F,1
192-5190-20F,1
192-53801SC,3
192-53802SC,6
192-53803SC,13
192-53810SC,6
192-53812,22
192-53816,7
192-53816SC,5
192-53820SC-TL,7
192-53820SC-TR,5
192-53820TSC,1
192-53825-T,6
192-53830SC,3
192-53830-SW,2
192-53914KSC-R,1
192-53914SC-L,4
192-53914SC-R,5
192-53917SC-R,4
192-53920HSC-L,3
192-53920HSC-R,1
192-53920SC-L,4
192-53920SC-R,12
192-53924SC-R,1
192-53930SC,10
192-53930SC-1,5
192-53930SC-12,2
192-53930SC-12T,1
192-53930SC-22,3
192-53934SC,11
192-53938SC,6
192-54020S,2
192-5510-01,33
192-5521-11T,17
192-5521-12T,1
192-5521-13T,31
192-5597,1
192-60-VH-7,1
192-60-VH-7-02,1
192-60-VH-7-DC,2
192-660-SC24,11
192-MK-1,17
192-PR-4,154
192-VH-15,1
192-VH-26,2
193-12-18-SD,2
193-13-31-SSD,1
193-14-20-SSDR,1
193-16-15-DSSD,3
193-16-39-SSD,1
193-17-24-SSDL,2
193-18-12-SD,2
193-18-30-SSDD,7
193-20-14-SD,3
193-20-14-SDV,2
193-20-14-SSDL,4
193-20-14-SSDR,9
193-20-14-SSDRV,2
193-20-30-SSD,10
193-24-17-SSDL,1
193-24-17-SSDR,2
193-24187-64,1
193-24-B-04,29
193-24-B-04T,7
193-24-B-05-2,3
193-24-B-06,8
193-24-B-10,3
193-24-B-11A,2
193-24-B-16,5
193-24-B-20,9
193-24-B-37L,4
193-24-B-45,1
193-24-B-46,7
193-24-B-51T,13
193-24-B-56,4
193-24-C-03,1
193-24-C-22,3
193-24-IL-C,3
193-24NBL-00SP,2
193-24NBT,1
193-24NBT-00SP,7
193-24NGL,3
193-24NGT,1
193-24NGT-00SP,7
193-24NPT,1
193-24NPT-00SP,8
193-24PBT-00SP,1
193-24PCL,4
193-24PCT,1
193-24PPT-00SP,3
193-3001-63-2,2
193-30-B-05-3,4
193-30-B-11,2
193-30-B-51,1
193-30-IL-C,4
193-30NBL,7
193-30NBT,2
193-30NBT-00SP,6
193-3282L,1
193-3282PL,2
193-3282T,1
193-3283,4
193-3283P,1
193-36-B-05,1
193-36-B-52,2
193-36-IL-C,3
193-36NBL,13
193-36NBL-00SP,4
193-36NBT,1
193-36NBT-00SP,7
193-36PCL,2
193-36PCT-00SP,2
193-CB24-D,15
193-CB2SB-D,4
193-CB30-D,3
193-CB36-D,10
193-CC24-D,6
193-CC30-D,1
193-CC36-D,1
193-CK-41-NAT,3
193-GR18A,44
193-IRB-18,2
193-REF-21,10
193-TK-1,20
211-BF10WLP,11
211-BF20WLP,4
211-BF30WLP,15
211-BF30WNAT,1
211-BVD34FP30FN,1
211-DV35SGLP,2
211-DV35SGNAT,2
211-DVCD32FP30N,3
211-DVCD36FP30N,1
211-DVCD36FP30P,1
211-DVCD36FP70N,1
211-DVCD42FP30N,2
211-DVCD42FP30P,2
211-DVCX36FP70P,1
211-DVCX36FP91P,2
211-DVCX42FP30N,1
211-DVCX42FP91P,1
211-DVD32FP30N,2
211-DVD32FP30P,2
211-DVD32FP31N,1
211-DVD32FP70P,3
211-DVD36FP30N,9
211-DVD36FP30P,4
211-DVD36FP31P,1
211-DVD36FP70N,1
211-DVD36FP70P,4
211-DVD36FP71P,1
211-DVD42FP30P,1
211-DVD42FP71N,1
211-DVD42FP71P,4
211-DVL46BP30N,4
211-DVL46BP70P,2
211-DVLL36BP92P,1
211-DVLL48BP92P,2
211-DVLL60BP90N,7
211-DVLL60BP90P,2
211-DVP20CC30BP,1
211-DVP30CC30FP,1
211-DVP30CC30MP,1
211-DVP30MS30FP,1
211-DVP36FP30N,6
211-DVP36FP30P,1
211-DVP36FP31N,4
211-DVP36FP31P,1
211-DVP36FP70P,1
211-DVP36FP71P,1
211-DVP36FP91N,63
211-DVP36FP91P,1
211-DVP36PP32EN,2
211-DVP36SP32EN,2
211-DVP36SP32EP,1
211-DVP42FP91N,1
211-DVP42FP91P,2
211-DVX36FP71LP,1
211-EBL34,40
211-EBL50,26
211-EBL74,21
211-GWT35WLP,1
211-HVF2R18P,8
211-HVF2R24N,60
211-HVF2R24P,37
211-OL48TP18N,3
211-OL60TP18N,2
211-OL60TP18P,1
211-OLI30P,1
211-OLL48FP12SN,7
211-OLL48FP12SP,12
211-OLL48SP12SN,7
211-OLL48SP12SP,3
211-OLL60FP12SN,9
211-OLL60FP12SP,36
211-OLL60SP12SN,3
211-OLL60SP12SP,4
211-ONI24N,4
211-ONI24P,22
211-ONI30N,8
211-ONI30P,13
211-ONR24N,6
211-ONR24P,9
211-ONR30N,17
211-ONR30P,6
211-OP36FB2MF,17
211-OP36FP32MN,5
211-OP36FP32MP,4
211-OP36FP72MN,3
211-OP36FP72MP,3
211-OP42FB2MF,50
211-OP42FP32MN,3
211-OP42FP32MP,1
211-OP42FP72MN,6
211-OP42FP72MP,6
211-RH50BLP,1
211-RH50CBLP,3
211-RH65BLP,5
211-RH65BNAT,2
211-RH65CBNAT,1
211-SR10TWLP,14
211-SR10TWNAT,8
211-SR10WLP,12
211-SR10WNAT,19
211-SR18TWLP,30
211-SR18TWNAT,6
211-SR18WLP,56
211-SR18WNAT,27
211-SR30TWLP,76
211-SR30TWNAT,1
211-SR30WLP,50
211-SR30WNAT,22
211-SR6WLP,13
211-VFD20CC30FP,2
211-VFD20CC70FP,3
211-VFD20CC70MP,1
211-VFD26FM30CP,1
211-VFD26FM30WP,1
211-VFD26FP30LP,4
211-VFD30CC30BP,1
211-VFD30CC30FN,4
211-VFD30CC30FP,41
211-VFD30CC30MN,1
211-VFD30CC30MP,4
211-VFD30CC70FP,2
211-VFD32FB0F,13
211-VFD32FB0L,24
211-VFD32FB2MF,19
211-VFD32FB2ML,7
211-VFD36FB0F,14
211-VFD36FB0L,4
211-VFD36FB2MF,150
211-VFD36FB2ML,13
211-VFD42FB0F,31
211-VFD42FB0L,4
211-VFD42FB2MF,50
211-VFD42FB2ML,9
211-VFDM18LBN,56
211-VFDM18LBP,51
211-VFDM24LBN,23
211-VFDM24LBP,34
211-VFDM30LBN,17
211-VFDM30LBP,22
211-VFDR18LB10N,30
211-VFDR18LB10P,8
211-VFDR18LBN,27
211-VFDR18LBP,39
211-VFDR18LBW10N,16
211-VFDR18LBW10P,2
211-VFDR18LBWP,1
211-VFDR24LBN,48
211-VFDR24LBP,74
211-VFDR24LBWN,1
211-VFDR24LBWP,4
211-VFDR30LBN,23
211-VFDR30LBP,54
211-VFDT18LBN,30
211-VFDT18LBP,4
211-VFDT24LBN,25
211-VFDT24LBP,5
211-VFDT30LBN,2
211-VFIL18P,1
211-VFIL24N,2
211-VFIL24P,3
211-VFIL30N,3
211-VFIL30P,2
211-VFIU24P,2
211-VFLB36FP30N,3
211-VFLB36FP30P,2
211-VFLB36FP90P,7
211-VFLB48FP30N,6
211-VFLB48FP30P,4
211-VFLB48FP90N,20
211-VFLB48FP90P,17
211-VFLB48SP90N,1
211-VFLB48SP90P,2
211-VFLB60FP90N,61
211-VFLB60FP90P,1
211-VFLB60SP90P,1
211-VFLB72FP90N,4
211-VFLB72FP90P,3
211-VFLC20IN32P,1
211-VFP24FP30LN,1
211-VFP24FP30LP,2
211-VFP32FB0L,1
211-VFP36FB0F,2
211-VFP36FB0L,4
211-VFP36PB2EF,3
211-VFP36SB2EF,3
211-VFP36SP32EP,1
211-VFP42FB0F,9
211-VFP42FB0L,5
211-VFPA32BP30LN,1
211-VFPA32BP30LP,1
211-VFPA32BP31LN,5
211-VFPA32BP31LP,7
211-VFPA32BP70LP,1
211-VFPA36BP30LN,1
211-VFPA36BP30LP,2
211-VFPA36BP31LN,1
211-VFPA36BP31LP,5
211-VFPA36BP70LP,1
211-VFPC20IN33P,1
211-VFPC20IN73N,3
211-VFPC20IN73P,2
211-VFPC28IN33N,14
211-VFPC28IN73N,4
211-VFRL18N,1
211-VFRL24N,3
211-VFS36FB0F,25
211-VFS42FB0F,19
211-VFSE18N,101
211-VFSE18P,181
211-VFSE24N,178
211-VFSE24P,315
211-VFSE30N,138
211-VFSE30P,189
211-VFSL30FP70N,3
211-VFSM18LP,3
211-VFSM18NAT,1
211-VFSM24LP,4
211-VFSM24NAT,13
211-VFSM30LP,2
211-VFSM30NAT,5
211-VFSR16LP,1
211-VFSR16NAT,4
211-VFSR18LP,125
211-VFSR18NAT,100
211-VFSR24LP,357
211-VFSR24NAT,169
211-VFSR30LP,154
211-VFSR30NAT,46
211-VFSUE18N,1
211-VFSUE18P,3
211-VFSUE24N,5
211-VFSUE24P,4
211-VFSUE30N,3
211-VFSUE30P,6
211-VFSUR18N,5
211-VFSUR18P,1
211-VFSUR24N,4
211-VFSUR24P,26
211-VFSUR30N,2
211-VFSUR30P,3
211-VFSV18LP,6
211-VFSV18NAT,12
211-VFSV24LP,26
211-VFSV24NAT,21
211-VFSV30LP,28
211-VFSV30NAT,17
211-VSR18LP,3
211-VSR24LP,1
211-WB36FB0F,3
211-WB44FB0F,8
211-WB54FB0F,6
212-00970W,2
212-AD1106V,1
212-BDO36SS,2
212-BDO42SS,3
212-BDW44BL,3
212-BDW44PE,1
212-BDW54BL,2
212-BDW54PE,1
212-BVA1,1
212-BVX3BL,1
212-C263BZ,1
212-CIB3,4
212-CSKF,2
212-CSKM,1
212-DCG24BL,4
212-DF362VBL,3
212-DF362XBZT,2
212-DF481VBL,12
212-DF482VBL,13
212-DF48BL,7
212-DF502BZT,10
212-DF601VBL,14
212-DF602VBL,7
212-DF60BL,4
212-DF60HP,2
212-DF721VBL,7
212-DF722LBLX,1
212-DF722VBL,3
212-DFEV60LSS,1
212-DFF36BL,1
212-DFF40FPD,1
212-DFF50CBL,1
212-DFSL30MBL,4
212-DFSL30PBL,9
212-DG1BCR,70
212-DG1BKP,112
212-DG1BUC,81
212-DG1BZR,59
212-DG1CLF,309
212-DG1GC,19
212-DG1NXS,4
212-DR1FMA,6
212-DRB1,3
212-DRFPA,34
212-DS20433BL,6
212-DS20763BL,2
212-DS2663BL,1
212-DS2663BZ,1
212-DS28433BL,3
212-DS28763BL,8
212-DT24PB,1
212-DT30SS,2
212-DT36SS,1
212-DT42SS,1
212-DT48LSS,4
212-DV648DBD,1
212-DV822,1
212-DVB1,5
212-DVEK10,5
212-DVEK25,1
212-DVF1BL,2
212-DVF2BL,2
212-DVF36BL,7
212-DVF36HP,1
212-DVF36XKR,1
212-DVF3BL,2
212-DVFB22TBL,2
212-DVFB32SBL,34
212-DVFB36SBL,3
212-DVFB36SPBL,19
212-DVFB36TBL,5
212-DVFB42TBL,4
212-DVFB48TBL,1
212-DVFQ36TBL,3
212-DVG1MBL,1
212-DVG2ABL,3
212-DVKI2P,1
212-DVKPMP,11
212-DVP1,1
212-DVP1SH,2
212-DVP2SA,15
212-DVP2SG,1
212-DVP2SH,1
212-DVP36D2A,2
212-DVP36D2H,2
212-DVP36PKR,4
212-DVP36XE,2
212-DVP36XKR,1
212-DVP36XWS,1
212-DVP3DA,5
212-DVP3SA,3
212-DVP3SG,5
212-DVP3SH,1
212-DVP3SKR,1
212-DVP40PKR,1
212-DVP40PSKR,1
212-DVP40PSWS,1
212-DVP48LKR,4
212-DVP4SG,1
212-DVP50CPWH,3
212-DVP50PTS,1
212-DVP60LKR,6
212-DVP60LPZ,1
212-DVRB2MBL,1
212-DVVK4F,49
212-DVVK4FV,70
212-DVVK4RE,1
212-DVVK4REVS,3
212-DVVK4RP,14
212-DVVK4TP,31
212-DVVK4VP,2
212-DVVK5F,5
212-DVVK5RP,4
212-DVVK5TP,1
212-DVWB2BL,1
212-EBL74TK,3
212-EF6700520100RP,6
212-EFRC,3
212-EK1,26
212-EK2,1
212-EL-150,1
212-ELH1,430
212-EMBC3SW,1
212-EMBF11SDO,2
212-EMBF11SO,1
212-EMBF1SC,1
212-EMBF1SO,2
212-EMBF1SW,4
212-EMBF3SC,1
212-EMBF3SO,1
212-EMBF3SW,3
212-EMF22DO,1
212-EMPTUH,3
212-FBB10,1
212-FBB14,1
212-FBB20,11
212-FBB21,4
212-FBB4,14
212-FBB5,102
212-FBB6,2
212-FBB7,2
212-FBBX,19
212-FBG36MBL,2
212-FPP26E,2
212-FRB3,2
212-FRBC,178
212-FRBTC2,81
212-FRBTPS,27
212-FREC,23
212-FRIP,2
212-FRSC,7
212-FWS1,1
212-GF24,42
212-GMB,1
212-GT060,4
212-GTCSS,10
212-HLS18R2,17
212-HLS24R2,67
212-HLS30R2,6
212-HMFA36P,1
212-HMFA60P,1
212-HMFAF36BL,1
212-HMFAF72BL,1
212-HMFATV,2
212-LK10,33
212-LK3,2
212-LK5,10
212-LK6,3
212-LK9,1
212-LND36LKR,1
212-LS16C,5
212-LS18B2,6
212-LS18C2,4
212-LS18C2S,2
212-LS18CB,31
212-LS18CD,28
212-LS18P,86
212-LS18RS,118
212-LS18RSS,37
212-LS18SRAO,20
212-LS18WRR,12
212-LS18WRS,20
212-LS24B2,8
212-LS24C2,8
212-LS24C2S,1
212-LS24CB,70
212-LS24CD,25
212-LS24EF,3
212-LS24P,219
212-LS24RS,398
212-LS24RSS,71
212-LS24SRAO,23
212-LS24WRR,42
212-LS24WRS,146
212-LS30B2,3
212-LS30C2,4
212-LS30C2S,1
212-LS30CB,23
212-LS30CD,19
212-LS30CT,5
212-LS30EF,3
212-LS30P,191
212-LS30RS,160
212-LS30RSS,73
212-LS30SRAO,5
212-LS30WRR,25
212-LS30WRS,33
212-LS40STB,1
212-LS48DF,14
212-LS48THF,1
212-LS50TINF,2
212-LS60DF,24
212-LS60SHF,17
212-LS60THF,9
212-LS72DC,3
212-LS72DF,3
212-LSM1THF,5
212-LSU18RR,8
212-LSU24RR,47
212-LSU24SF,1
212-LSU24SPF,1
212-LSU30RR,18
212-MFL48PG,2
212-MS72PG,62
212-OLX24WR,83
212-OLX30WR,39
212-PE20,67
212-PE2012,1
212-RHL2,1
212-RVKN,4
212-RVKP,14
212-SAN28,1
212-SC336BL,4
212-SCV1,19
212-SD46DVA18,1
212-SD58DVAX46,2
212-SH1BL,5
212-SRB18,1
212-SRB18TW,5
212-SRB18W,1
212-SRB30TW,20
212-SRB30W,5
212-SRS10W,7
212-SRS18W,12
212-SRS30W,32
212-SWLD,4
212-TMV,4
212-TRW,11
212-VB4H32BL,3
212-VB4H42BL,7
212-VBF36TBL,4
212-VBF42TBL,2
212-VBP32SA,8
212-VBP32SE,2
212-VBP32SF,1
212-VBP32SG,5
212-VBP32SKR,3
212-VBP36D2A,2
212-VBP36D2E,1
212-VBP36D2G,1
212-VBP36LKR,3
212-VBP36LWR,1
212-VBP36SA,11
212-VBP36SE,4
212-VBP36SF,4
212-VBP36SG,7
212-VBP36SKR,22
212-VBP36T2E,4
212-VBP36T2G,3
212-VBP36T2H,13
212-VBP42D2A,2
212-VBP42D2E,4
212-VBP42SA,6
212-VBP42SE,1
212-VBP42SF,2
212-VBP42SG,1
212-VBP42SKR,9
212-VBP42T2E,4
212-VBP42T2G,4
212-VBP42T2H,23
212-VBP48BLKR,2
212-VBP48LBKR,6
212-VBP48LBWR,5
212-VBP48LSS,3
212-VBP60LKR,25
212-VBP60SLKR,1
212-VBP72LKR,12
212-VBR36GMBL,1
212-VBR42GMBL,1
212-VBR42SCBL,1
212-VBS32SBL,5
212-VBS36SBL,28
212-VBS36TBL,2
212-VBS42SBL,6
212-VBS42TBL,4
212-VBY36TBL,2
212-VBY42GBL,3
212-VBY42SBL,2
212-VBY42TBL,2
212-VFA2,7
212-VFR32SMBL,4
212-VFR36SCBL,2
212-VFR36SMBL,3
212-VFY36SBL,5
212-VKMVHP,1
212-VPP1A22,2
212-WB12V06,9
212-WB12V12,5
212-WB12V15E,2
212-WB12V18,6
212-WB12V30E,9
212-WB12V36,4
212-WB12V48,30
212-WB12VAI,2
212-WB12VF05,2
212-WB12VF10,2
212-WB12VFS,8
212-WB12VRCC,15
212-WB12VSB,12
212-WB12VSC,9
212-WB14V06,4
212-WB14V12,5
212-WB14V18,5
212-WB14V36,9
212-WB14V48,18
212-WB14VAI,2
212-WB14VF10,1
212-WB14VFS,8
212-WB14VRCC,4
212-WB14VSB,6
212-WB14VSC,3
212-WB44HE,4
212-WBL36HGR,1
212-WBL36HWH,1
212-WBL36SBL,1
212-WBL36SGR,2
212-WBL36SWH,1
212-WBL36TBR,1
212-WBL36TGR,2
212-WBL36TWH,1
212-WBL44HBL,1
212-WBL44HBR,1
212-WBL44HGR,1
212-WBL44HWH,1
212-WBL44SBL,2
212-WBL44SGR,1
212-WBL44SWH,1
212-WBL44TBR,1
212-WBL44TGR,3
212-WBL54HBL,1
212-WBL54HGR,1
212-WBL54HWH,1
212-WBL54SBL,2
212-WBL54SGR,1
212-WBL54SWH,1
212-WBL54TBL,1
212-WBL54TGR,2
212-WBL54TWH,1
212-WBNID,4
212-WBOAK,12
212-WC48LSS,1
212-WC60LSS,1
212-WD36SS,1
212-WD42SS,2
212-WD48LSS,9
212-WD60LSS,5
212-WG484LT,1
212-WG48LT1,4
212-WG604LT,4
212-WG60LT1,2
212-WMH-134,1
215-HBW10TL,61
215-HBW10TN,26
215-HBW20TL,74
215-HBW20TN,32
215-HBW30TL,143
215-HBW30TN,27
215-HR10MN,4
215-HR15TL,77
215-HR30MN,1
215-HRSQ25MVL,126
215-HRSQ25MVN,10
215-HRW060ML,79
215-HRW060MN,3
215-HRW10ML,105
215-HRW10MN,66
215-HRW10TL,122
215-HRW10TN,105
215-HRW17ML,252
215-HRW17TL,162
215-HRW18MN,191
215-HRW18TN,89
215-HRW25ML,227
215-HRW25TL,212
215-HRW30MN,90
215-HRW30TN,65
216-HABF,516
216-HABLR,161
216-HAQBLR,20
225-12-12DM,33
225-12-8DM,136
225-12-8DM-FMI-LHP,1
225-12-8HT,1
225-12S-8DM,3
225-18-12DM,45
225-18-8DM,33
225-18-8HT,1
225-24-12DM,34
225-24-8DM,57
225-30E-12DM,40
225-30E-8DM,76
225-30FS-10,1
225-30FS-8DM,3
225-3600FS-8DM-1,13
225-36-12DM,8
225-36-8DM,82
225-36-8HT,1
225-38FST,5
225-38RS,1
225-45LKDV2BP,1
225-48-12DM,385
225-48-8DM,833
225-48-8HT,7
225-67L70,1
225-69L18,1
225-6DVL12,1
225-6DVL36,4
225-6DVL48,5
225-6DVL6,1
225-6DVLE45,1
225-6DVLE90,3
225-6DVLHFR,1
225-6DVLSC-6,6
225-6DVLWS,6
225-86L66,1
225-8DVL12,3
225-8DVL24,2
225-8DVL36,1
225-8DVL48,7
225-8DVL6,3
225-8DVLAL,2
225-ADS-8DM,2
225-AK4,51
225-AK4F,5
225-AK4X,7
225-AP-12HT,35
225-ASD3624-TI,1
225-ASD3628-TI,2
225-ASD4224-TI,3
225-ASD4228-TI,4
225-BD36,10
225-BD42,22
225-BD50,1
225-BDB36,63
225-BDB42,21
225-BDG42,1
225-BDO36,2
225-BDO42,3
225-BGE18PV,1
225-BGE2436NR,13
225-BGE2436NV,1
225-BGE2436PE,3
225-BGE2436PR,3
225-BGE2436PV,2
225-BK,18
225-BK3,15
225-CGLK-BLK-LIN72,2
225-CRSHGL-P,3
225-CRSHGL-RBLK,4
225-DRC2033TEN,6
225-DRFTWD-LOG60,2
225-DRL2045TEN,2
225-DRL3555TEN,1
225-DRT2035DEP-E,2
225-DRT2035TEN-C,5
225-DRT2035TEP-C,3
225-DRT2035TMN-C,2
225-DRT2040REN-C,2
225-DRT2040REP-C,1
225-DRT2040RMN-C,2
225-DRT2040TEN-C,6
225-DRT2040TEP-C,2
225-DRT2040TMP-C,1
225-DRT2045DEP-C,1
225-DRT3035DEP-C,2
225-DRT3035DMN-C,2
225-DRT3535DEN-C,1
225-DRT3540DEN-C,2
225-DRT3540DEP-C,1
225-DRT4240DEP-C,1
225-DRT63STTEN-B,2
225-DS-BLK-43,2
225-DS-BLK-RNCL45,1
225-DS-BLK-RNCL55,1
225-DS-SS-RNCL55,3
225-DWLS-RNCL45,1
225-EF-BRCK,4
225-EF-WWRCK,1
225-ET-8DM,12
225-ET-8DM-K,3
225-ETL-8DM,1
225-ETL-8DM-K,1
225-F0349,1
225-F0514,14
225-F1030,11
225-F1077,3
225-F1907,1
225-F2236,9
225-F2882,1
225-F2947,1
225-F3261,1
225-F3478,1
225-F3479,1
225-F3481,1
225-F3483,1
225-F3495,1
225-F3504,1
225-F3706,1
225-F4063,5
225-F4220,4
225-F4717,1
225-F4836,2
225-FBK-100,9
225-FBK-200,9
225-FBK-250,7
225-FC36,20
225-FC42,15
225-FDVS,3
225-FGE,4
225-FLK35BB,1
225-FLK35BLK,2
225-FLK40GREY,2
225-FLK45BLK,1
225-FLK45GREY,1
225-FM100,1
225-FS-10,28
225-FS-8DM,95
225-FST10,3
225-FVK36,1
225-FWSK,2
225-GCK-SM-6060BNP,1
225-GEP-36BL,82
225-GP43A,2
225-GWMS2,7
225-H1657,1
225-H6244,1
225-H7667,1
225-H9199,88
225-HOOD36ODSL,1
225-HOOD42ODSL,2
225-HTFLO-VF45,1
225-HTFLO-VF55,1
225-J1288,29
225-J6571,1
225-JBK,198
225-LAMF,3
225-LBG18BM,2
225-LBG24BM,5
225-LBG30BM,3
225-LDSTOB,1
225-LMF24GTA,3
225-LMF24GTB,2
225-LMF24MOA,7
225-LMF24MOB,5
225-LMF30GTA,2
225-LMF30GTB,2
225-LMF30MOA,9
225-LMF30MOB,7
225-LMF36GTA,7
225-LMF36GTB,1
225-LMF36MOA,5
225-LMF36MOB,6
225-LPK2,2
225-LTF18RS,4
225-LTF24RS,6
225-LTF24WT,7
225-LTF30RS,10
225-LVD18CH,77
225-LVD24CH,169
225-LVD24CHHD,58
225-LVD24GO-B,4
225-LVOST,2
225-MNF24INE,4
225-MNF24INM,4
225-MNF24IPE,4
225-MNF24ONE,1
225-MNF30INE,3
225-MNF30INM,1
225-MNF30INV,1
225-MNF30IPE,1
225-MNF30IPV,2
225-MNF30ONM,2
225-MNF30OPE,2
225-MOSAIC42IVFH,2
225-MOSAIC42IVFS,1
225-MPE-36-N,63
225-MPE-84D,1
225-OAK-UVFRC,33
225-ODLVF48ZEN,1
225-PGE,4
225-PLK-BLK-RNCL45,2
225-PLK-BLK-RNCL55,2
225-PTK-BLK,1
225-RC-S-1,2
225-RC-S-STAT,3
225-RIVROCK-25PK,3
225-RLT-12D,60
225-RLT-8DM,258
225-RLT-8DM-K,2
225-RLTT-8DM,2
225-RT-8DM,174
225-RT-8DM-K,8
225-RTT-8DM,9
225-SC1-1,157
225-SC2-1,63
225-SF-18,1
225-SF4.5HF5,1
225-SF4.5HT-2,18
225-SFKIT48,1
225-SFMP,4
225-SFVT30,4
225-STL-12D,3
225-SURR35-SS4S-B,2
225-SV4.5E45,41
225-SV4.5E90,17
225-SV4.5FA,6
225-SV4.5FB,3
225-SV4.5GV-1,11
225-SV4.5HT-2,13
225-SV4.5L12,31
225-SV4.5L24,26
225-SV4.5L36,26
225-SV4.5L48,135
225-SV4.5L6,36
225-SV4.5LA,15
225-SV4.5RSA,4
225-SV4.5SC,2
225-SV4.5TK90HT2,2
225-SV4.5TK90SS,1
225-SV4.5VFS,5
225-SV45HTKCT,1
225-TF18NE,1
225-TF18NR,1
225-TF18PR,3
225-TF2430NE,2
225-TF2430NR,6
225-TF2430NV,1
225-TF2430PE,4
225-TF2430PR,9
225-TK3-36BL,43
225-TRC,10
225-TRMK-BLK-LIN60,2
225-TRMK-BLK-LIN72,1
225-TSRC,2
225-V12F-10DM,5
225-V12F-8DM,16
225-V6F-10DM,10
225-V6F-8DM,19
225-V6FS-8DM,10
225-VD1824NM,2
225-VD1824NR,215
225-VD1824PM,7
225-VD1824PR,65
225-VRE3236ZENWH,1
225-VRE3236ZENWS,1
225-VRE3236ZEPWS,2
225-VRE3242ZENWS,1
225-VRE4542WH,1
225-VRE4543EN,1
225-VRL3045ZEN,1
225-VRL3045ZEP,3
225-VRL3055ZEP,10
225-VRL4543ZEN,2
225-VRL4543ZEP,4
225-VRT2536WS,90
225-VRT2542WS,30
225-VRT3132WS,8
225-VRT3136F,1
225-VRT3136WS,62
225-VRT3142F,2
225-VRT3142WS,43
225-VRT3236WH,2
225-VRT3236WS,2
225-VRT3242WH,2
225-VRT3242WS,2
225-VRT3536WH,33
225-VRT3536WS,53
225-VRT3542WH,31
225-VRT3542WS,35
225-VRT4536WH,1
225-VRT4542WH,1
225-VRT4542WS,1
225-VRT4550WH,1
225-VRT4550WS,1
225-VRT6042,1
225-WCT2036WSI,12
225-WCT2042WSI,28
225-WCT3036WSI,3
225-WCT3042WSI,4
225-WCT6940-DOOR-BLK,1
225-WRE3036WS,2
225-WRE3042WH,3
225-WRE3042WS,17
225-WRE4542WS,1
225-WRT2036WSI,41
225-WRT2042WSI,25
225-WRT3036WSI,9
225-WRT3042WSI,39
225-WRT3543WH,1
225-WRT4536WH,1
225-WRT4536WS,1
225-WRT4542WH,5
225-WRT4542WS,9
225-WRT4550WH,5
225-WRT4550WS,3
225-WS-S-TSTAT,1
241-63-YE,50
241-64-YE,34
241-68-YE,59
241-74-VF9-12MP,2
241-AM-2,11
241-AO-2-24,1
241-AO-24,7
241-APK-10,1
241-APK-11,19
241-APK-11P,5
241-APK-15,10
241-APK-17,127
241-APK-17P,8
241-AR-01V-2,42
241-AT-01V-2,30
241-AT-2VA-1,1
241-AT-V1-1,10
241-AV-17,9
241-AV-18,8
241-B-24,3
241-B-36,1
241-BD-24,7
241-BDC-4,25
241-BTA-18,2
241-BTA-24,3
241-BTA-30,1
241-CDR-18,1
241-CDR-2-18,1
241-CHAB-16/18,1
241-CHAB-24,28
241-CHAB-30,15
241-CHAO-18/20,7
241-CHAO-24,8
241-CHAO-30,5
241-CHAS-16/18,47
241-CHAS-24,66
241-CHAS-30,57
241-CHB-18/20,2
241-CHB-24,3
241-CHB-30,8
241-CHB-36,2
241-CHD-16,2
241-CHD-18/20,87
241-CHD-24,149
241-CHD-30,62
241-CHEC-1,7
241-CHFR-16/18,38
241-CHFR-24,203
241-CHFR-30,90
241-CHGS-24,15
241-CHGS-30,4
241-CHMBW-18,2
241-CHMBW-24,5
241-CHMBW-30,2
241-CHMBW-36,1
241-CHMJ-24,1
241-CHMJ-30,4
241-CHMJ-36,7
241-CHNA-24,3
241-CHRED-24,1
241-CHRRSO-18/20,15
241-CHRRSO-24,24
241-CHS-24,4
241-CHS-30,1
241-COLO-24,3
241-CS-10,55
241-DP-2,64
241-DP-7,1
241-EC-2-36-10P,1
241-EC-48-10P,3
241-ECV-16/18,10
241-ECV-2-16/18,2
241-ECV-2-24,4
241-ECV-24,46
241-ECV-30,26
241-EFV-16/18,4
241-EFV-2-24,2
241-EFV-24,7
241-EFV-30,4
241-EH-11H,2
241-EM-1,264
241-EM-10,184
241-EM-11,34
241-EM1-12,1
241-EM-1S,11
241-EM-9,8
241-EMV-1,3
241-ENO-18,8
241-ENO-24,35
241-ENO-30,27
241-ENS-24,2
241-EPK-1,10
241-EPK-1P,13
241-EPK-2,35
241-EPK-2M,1
241-EPK-2P,1
241-EPK-2VP-TR,1
241-EPK-3V-TR,5
241-ESV-16/18,5
241-ESV-2-24,1
241-ESV-24,7
241-ESV-30,5
241-FBC-18,12
241-FBC-24,42
241-FBC-30,6
241-FBSB-30,1
241-FBSB-36,1
241-FF-04-30,4
241-FS3-4-EB,1
241-FS4-18-GS,8
241-FS4-24-EB,7
241-FS4-30-EB,2
241-FS4-4-EB,9
241-FS4-4-GS,18
241-FS5-18-EB,5
241-FS5-18-GS,2
241-FS5-24-EB,4
241-FS5-24-GS,33
241-FS5-30-EB,3
241-FS5-4-GS,23
241-FS6-4-EB,2
241-FS6-4-GS,39
241-FTO-18,10
241-FTO-24,45
241-FTO-30,28
241-FTSO-24,7
241-FTSO-30,2
241-G10-16/18,2
241-G10-16/18-01V,23
241-G10-16/18-01VP,17
241-G10-16/18-01VPSS,3
241-G10-16/18-12P,6
241-G10-16/18-15,10
241-G10-16/18-15M,3
241-G10-16/18-15P,14
241-G10-16/18-15P-SS,3
241-G10-16/18P,1
241-G10-16/18-SS,7
241-G10-24/30,4
241-G10-24/30-01V,76
241-G10-24/30-01VP,113
241-G10-24/30-01VPSS,11
241-G10-24/30-01V-SS,10
241-G10-24/30-15,76
241-G10-24/30-15M,86
241-G10-24/30-15P,98
241-G10-24/30-15P-SS,6
241-G10-24/30-15-SS,5
241-G10-24/30P,10
241-G10-24/30P-SS,5
241-G10-24/30-SS,5
241-G18-16/18,1
241-G18-16/18-01V,3
241-G18-16/18-01VP,3
241-G18-16/18-15,1
241-G18-16/18-15P,5
241-G18-2-24-15,2
241-G18-2-24-15MP,1
241-G18-2-24-15P,7
241-G18-24/30-01V,21
241-G18-24/30-01VP,20
241-G18-24/30-12P,1
241-G18-24/30-15,29
241-G18-24/30-15M,6
241-G18-24/30-15P,28
241-G18-24/30P,1
241-G19A-18/20-01V,5
241-G19A-18/20-01VP,5
241-G19A-18/20-15P,3
241-G19A-24/30-01V,26
241-G19A-24/30-01VP,27
241-G19A-24/30-15,8
241-G19A-24/30-15P,11
241-G21-GL-18-12,1
241-G21-GL-18-12P,3
241-G21-GL-24-12,2
241-G21-GL-24-12P,1
241-G21-GL-30-12,4
241-G31-18/20,1
241-G31-18/20-2VPT,1
241-G31-24/30-2VPT,3
241-G31-24/30-2VT,2
241-G31-33/39-2VT,2
241-G4-12,7
241-G4-18/20,79
241-G4-24,42
241-G4-30,13
241-G45-16/19,28
241-G45-16/19-02,1
241-G45-16/19-11,1
241-G45-16/19P,1
241-G45-18/20,118
241-G45-18/20-02,7
241-G45-18/20-02P,7
241-G45-18/20A,1
241-G45-18/20P,3
241-G45-18/20-SS,2
241-G45-2-16/19-17P,1
241-G45-2-18/20,1
241-G45-2-18/20-02P,1
241-G45-2-24,4
241-G45-2-24-02,2
241-G45-2-24P,1
241-G45-2-30,1
241-G45-2-30-02,1
241-G45-24,237
241-G45-24-02,6
241-G45-24-02P,12
241-G45-24-02P-SS,1
241-G45-24-02-SS,2
241-G45-24-11,1
241-G45-24-11P,1
241-G45-24-15P,3
241-G45-24-17,7
241-G45-24-17P,15
241-G45-24A,7
241-G45-24P,23
241-G45-24PA-SS,3
241-G45-24-SS,5
241-G45-2-GL-30-02,1
241-G45-30,72
241-G45-30-02,3
241-G45-30-02P,6
241-G45-30-11,2
241-G45-30-15,1
241-G45-30-15P,1
241-G45-30-17P,2
241-G45-30P,5
241-G45-30-SS,5
241-G45-36-02,2
241-G45-36-02P,3
241-G45-36-17P,1
241-G45-36P,1
241-G45-42,1
241-G45-48E,1
241-G45-GL-24,2
241-G45-GL-24-17,1
241-G46-18/20,17
241-G46-18/20-02,20
241-G46-18/20-02P,18
241-G46-18/20-11,2
241-G46-18/20-11P,3
241-G46-18/20-17,9
241-G46-18/20-17P,9
241-G46-18/20P,8
241-G46-24,23
241-G46-24-02,38
241-G46-24-02P,31
241-G46-24-11,13
241-G46-24-11P,2
241-G46-24-15,30
241-G46-24-15P,12
241-G46-24-17,42
241-G46-24-17M,1
241-G46-24-17P,20
241-G46-24P,4
241-G46-30,6
241-G46-30-02,6
241-G46-30-02P,5
241-G46-30-11,5
241-G46-30-11P,1
241-G46-30-15,8
241-G46-30-15P,4
241-G46-30-17,36
241-G46-30-17P,18
241-G52-18/20-17,1
241-G52-18/20-2VPT,3
241-G52-18/20-2VT,5
241-G52-24/30-02,3
241-G52-24/30-02P,17
241-G52-24/30-17,3
241-G52-24/30-17P,3
241-G52-24/30-2VPT,17
241-G52-24/30-2VT,17
241-G52-24/30PA,1
241-G7-06,2
241-G8E-16/20/24,24
241-G8E-16/20/24-12,36
241-G8E-16/20/24-12P,7
241-G8E-16/20/24P,2
241-G8E-16/20/24R-12,5
241-G8E-16/20/24RP,2
241-G8E-162024R-12P,3
241-G9-20/24/30,43
241-G9-20/24/30-12,148
241-G9-20/24/30-12M,165
241-G9-20/24/30-12P,6
241-G9-20/24/30-15,113
241-G9-20/24/30-15M,1
241-G9-20/24/30-15P,39
241-G9-20/24/30P,18
241-G9-2-24-12,1
241-G9-2-24-12P,1
241-GL-10-B,1
241-GL-10-BR,28
241-GL-10-C,17
241-GL-10-CR,1
241-GL-10-E,10
241-GL-10-ER,3
241-GL-10-F,9
241-GL-10-FR,6
241-GL-10-HR,9
241-GL-10J-HR,7
241-GL-10J-NR,3
241-GL-10-N,5
241-GL-10-NR,2
241-GL-10-QR,4
241-GL-10-W,4
241-GL-10-Z,3
241-GL-10-ZR,4
241-GL-40-B,1
241-GL-40-N,1
241-GL-40-NR,3
241-GL-40-QR,3
241-GL-40-ZR,1
241-GL-7-B,3
241-GLD-10-C,4
241-GLD-10J-BL,61
241-GLD-10-SB,6
241-GLD-40-E,3
241-GLG-10-C,3
241-GLG-10-D,3
241-GLG-10-E,6
241-GLG-10-J,1
241-GLG-10-S,1
241-GLG-10-T,3
241-GLG-40-E,8
241-GNO-24,5
241-GNO-30,16
241-GSO-24,5
241-GX4-24,19
241-GX45-18/20,20
241-GX45-24,5
241-GX45-30,5
241-GX45-30P,2
241-HCHR-18/20,4
241-HCHR-24,8
241-HCHR-30,4
241-HDK-1,42
241-HR-18,5
241-HR-24,37
241-HR-30,4
241-HR-36,2
241-HRD-24,2
241-HS-37,1
241-HS-38A,1
241-IMP-1,2
241-LC-1,213
241-LF-10,241
241-LF-15,21
241-LF-5,94
241-LFC-10,544
241-LVS-35,6
241-MBW-18,16
241-MBW-24,4
241-MBW-30,4
241-MBW-36,1
241-MCO-24,5
241-MCO-30,3
241-MCS-30,2
241-MP-24,1
241-ODS-0001,14
241-ODS-0002,19
241-ODS-0003,8
241-ODS-0004,9
241-P45-18-17P,1
241-P45-24-17,3
241-P45-24PA,1
241-P45-30-17,1
241-P45-30-17P,2
241-PAC-6,7
241-PAC-7,2
241-PAC-8,1
241-PB-16P,1
241-PB-20,1
241-PB-24,1
241-PB-30-17,1
241-PBO-10,1
241-PC-4,51
241-PCDC-1,49
241-PG-1-12,1
241-PO-18,22
241-PO-24,22
241-PO-30,1
241-PT-1LP,2
241-PT-1NAT,11
241-R-16,1
241-R-18,2
241-R-19,2
241-R-24,14
241-RD9-20,20
241-RD9-24,161
241-RD9-30,10
241-RDP-12,1
241-RDP-18,4
241-RDP-2-16,1
241-RDP-2-30,1
241-RDP-24,3
241-RDP-48,1
241-RF-BTSR1-B,16
241-RF-BTSR1-G,37
241-RFD-05A,1
241-RFD-08,2
241-RK-1,13
241-RR-1A,289
241-RR-2A,198
241-RRO-30,2
241-RRSO-18,9
241-RRSO-24,16
241-RRSO-30,8
241-S-24,148
241-S9-20,12
241-S9-24,117
241-S9-30,15
241-SD-BONUS,10
241-SDP-18,37
241-SDP-20,10
241-SDP-2-24,1
241-SDP-2-30,2
241-SDP-24,137
241-SDP-30,86
241-SDP-36,4
241-SPK-26,182
241-SPK-26P,11
241-STN-10,21
241-STN-10I,14
241-STN-10S,14
241-SV-12,4
241-SV-22,1
241-SV-24,1
241-SV-25,2
241-SV-30-1,10
241-SV-37,3
241-SV-6,1
241-SV-8P,1
241-TS-3,4
241-VO8E-16,50
241-VO8E-20,14
241-VO8E-24,20
241-VR-1A,220
241-VR-2A,49
241-W-18,24
241-W-24,65
241-W-30,21
241-WC-6,26
241-WCB-6,1
241-WCBC-1,3
241-WCDC-1,30
241-WCH-6,45
241-WCH-6-6,17
241-WH-01,1
241-WH-02,1
241-WO-24,2
241-WS-2,3
2420038,1
2420089,1
242-216-BA-11-H8NC,1
242-216-BA-11-M8PC,1
242-5110-26,1
242-635-BA-SP-M4PC,1
242-645-BA-FO-M2PC,1
242-645-BA-SP-M2PC,2
242-685-BA-11-M6PC,1
242-731-CB-11-M6PC,1
242-770-CB-11-M2PC,2
242-782-BA-11-M2NC,1
242-782-BA-SP-M2NC,1
242-783-BA-SP-H4PC,1
242-785-SM-11-M4PC,3
242-785-WA-11-M4PC,1
242-8017RV-WA,1
242-8110-SM,1
242-8110-WA,2
242-8139A,2
242-8140A,1
242-8143A,6
242-8149A,1
242-8202-WG,1
242-8208-WG,3
242-8211-WG,1
242-8510-WA,1
242-OCBW-34,1
242-VK-2,3
244-1751-016,3
244-2BRN-18,5
244-2BRN-18-LP-MMVR,4
244-2BRN-18-LP-MVKEI-GCRK,3
244-2BRN-18-LP-MVK-GCRK,5
244-2BRN-18-NG-MVKEI-GCRK,2
244-2BRN-21,1
244-2BRN-21-LP-MVKEI-GCRK,1
244-2BRN-24,2
244-2BRN-24-LP-MVKEI-GCRK,14
244-2BRN-24-NG-MVK-GCRK,1
244-2BRN-30,1
244-2BRN-30-NG-MVKEI-GCRK,3
244-2BRN-30-NG-MVK-GCRK,2
244-2BRN-42-NG-MVKEI-GCRK,1
244-2BRN-ST24,1
244-3BRN-18-NG-MVK-GCRK,6
244-3BRN-21,4
244-3BRN-24,2
244-3BRN-24-LP-MMVR,1
244-3BRN-24-LP-MVKEI-GCRK,28
244-3BRN-24-NG-MVKEI-GCRK,19
244-3BRN-24-NG-MVK-GCRK,12
244-3BRN-30-NG-MVKEI-GCRK,2
244-3BRN-36,1
244-3BRN-ST36-SS,1
244-AJ24LOGS,3
244-AJ-KIVALOGS,6
244-ASPEN18LOGS,2
244-ASPEN24LOGS,3
244-ASPEN42LOGS,1
244-AWO24LOGS,4
244-AWO30LOGS,1
244-AWO36LOGS,2
244-AWO60LOGS,1
244-AWOC18LOGS,8
244-AWOC24LOGS,18
244-AWOC30LOGS,1
244-AWOCST24LOGS,1
244-AWOCTWIG3,6
244-AWO-KIVA LOGS,3
244-AWOST18LOGS,1
244-AWOTWIG3,21
244-AWOTWIG5,3
244-BPS30LOGS,1
244-CB2-12-B,1
244-CB4-8-B,1
244-CB4-8-SIL,1
244-COVER-ORFT-44D,2
244-DIP-LN-60,1
244-DISPLAY RACK,1
244-DRIFTWOOD18LOGS,3
244-DRIFTWOOD21LOGS,3
244-DRIFTWOOD24LOGS,7
244-DRIFTWOODTWIG3,15
244-EIS-OUTDOOR-10,2
244-FPAWO-30/36,2
244-FPAWO-48,1
244-GCRK,3
244-GFWOC-18,6
244-GFWOC-24,8
244-GFWOC-30,5
244-GFWOC-36,3
244-GLASSBRN-18/12-H-LP-MVKEI-GCRK,1
244-GLASSBRN-24-12-H-LP-MVKEI-GCRK,1
244-GLE-6B,46
244-HP-B-GR-10,28
244-HP-B-R-10,2
244-JUMBOBRNR-42-SS,1
244-JUMBOBRNR-48,2
244-JUMBOBRNR-48-SS,1
244-JUMBOSLIMAWO30LOGS,1
244-JUMBOSLIMAWO36LOGS,1
244-JUMBOSLIMAWO60LOGS,1
244-LAFV-18-EN,2
244-LAFV-18-EP,2
244-LAFV-18-VEN,1
244-LAFV-24-EN,3
244-LAFV-24-EP,5
244-LAFV-24-VEP,1
244-LAFV-30-EN,2
244-LAFV-30-EP,1
244-LAFV-30-VEP,2
244-LAFV-36-EN,1
244-LAFV-36-EP,2
244-LP-CONV,6
244-MAHC-GC,1
244-MVKEIKN,2
244-MVK-PILOT-24,2
244-MV-PILOT-18P,1
244-MVQMKLP,1
244-NL-3050,2
244-ORFT-44D-GRY-N-P,1
244-RFG-10-KD,11
244-RFG-10-PB,5
244-RFG-10-TC,8
244-SPQMKLP,3
244-SR1001TH-1-GC,2
244-TPS-36-NG,3
244-VFLDB48L-EP,1
244-VFRO18,6
244-VFRO24,9
244-VFRO30,2
244-VFSO18,8
244-VFSO24,13
244-VFSO30,7
244-VFVUL18EN,3
244-VFVUL18MN,10
244-VFVUL18MP,23
244-VFVUL24/30EN,4
244-VFVUL24/30EP,4
244-VFVUL24/30MN,3
244-VFVUL24/30MP,2
244-VFVUL24/30VN,4
244-VFWO24,5
244-VFWO30,8
244-WD-LINEAR-48LOGS,1
251-01-00075,1
251-DMOR-6060,14
251-LPM-4416,1
251-LPM-5616,6
251-LPM-6816,4
251-LPM-8016,4
251-LPS-4414,1
251-LPS-5614,10
251-LPS-6814,4
251-LPS-8014,1
251-LPS-9614,3
251-MF-PRO-V2-WTC,5
251-MFSM120,1
251-OR100-MULTI,5
251-OR100-SLIM,2
251-OR26-TRAD,2
251-OR30-TRAD,3
251-OR36-TRAD,8
251-OR42-TRAD,5
251-OR52-MULTI,4
251-OR52-SLIM,7
251-OR54-TRAD,2
251-OR60-MULTI,7
251-OR60-SLIM,9
251-OR76-MULTI,8
251-OR76-SLIM,10
251-OTK-OR26-LG,2
251-OTK-OR26-SM,2
251-OTK-OR30-LG,2
251-OTK-OR30-SM,1
251-OTK-OR36-LG,3
251-OTK-OR36-SM,4
251-PDW-OR52-MULTI,9
251-RS-2621,2
251-RS-3021,1
251-RS-3626,8
251-RS-4229,12
251-RS-5435,4
251-SCREEN-68LPS,3
251-SCREEN-80LPS,3
251-SPS-100B,1
251-SPS-50B,5
251-SPS-74B,2
251-TK-RS30-3824,3
251-TK-RS36-4128,4
251-TK-RS36-4530,2
251-WMC-56LPM-RTF,1
251-WMC-80LPM-RTF,1
253-1400070100RP,1
253-1400130500RP,1
253-2000330200RP,2
253-2000480200RP,40
253-2000500200RP,20
253-2000500800RP,1
253-2000500900RP,5
253-2000501000RP,10
253-2000550100RP,9
253-2100250100RP,4
253-2200510700RP,1
253-2203720300RP,4
253-2203860100RP,5
253-2300201900RP,1
253-3000320400RP,9
253-3000350100RP,8
253-3000370500RP,7
253-3000370600RP,8
253-3000370800RP,9
253-3000610100RP,9
253-3000810100RP,5
253-3000890100RP,9
253-3001070100RP,8
253-3001250100RP,15
253-3001360100RP,4
253-3001440200RP,1
253-3001520100RP,4
253-3001640100RP,5
253-3001650200RP,20
253-3001680200RP,10
253-3001720100RP,10
253-3001810101RP,10
253-3001890100RP,3
253-3001970100RP,8
253-3002310100RP,8
253-3002370100RP,4
253-500002258,10
253-500002263,10
253-500002277,10
253-500002576,9
253-5300110500RP,4
253-5300260100RP,5
253-5901930100RP,2
253-5902890100RP,1
253-5902890200RP,1
253-5902900100RP,1
253-5902900200RP,3
253-5902940100RP,2
253-6700510100RP,9
253-6700520200RP,15
253-6700580100RP,7
253-6700590200RP,6
253-8099770100RP,17
253-8600300100RP,3
253-9600385600RP,9
253-9600580100RP,2
253-9600950100RP,8
253-9601070300RP,3
253-9601070400RP,1
253-9601110100RP,6
253-9601120300RP,2
253-9601210100RP,29
253-9601250100RP,10
253-9601270200RP,12
253-9601270400RP,10
253-9601300100RP,1
253-9601320100RP,10
253-9601750100RP,17
253-9601760100RP,20
253-9602110200RP,8
253-9602290200RP,7
253-9602310200RP,9
253-9602320200RP,10
253-9602321300RP,9
253-9602332800RP,8
253-9602620400RP,7
253-9602730100RP,9
253-BF33DXP,4
253-BF39DXP,17
253-BF39STP,8
253-BF45DXP,12
253-BF4TRIM33,6
253-BF4TRIM39,11
253-BF4TRIM45,6
253-BFDOOR33BLKSM,6
253-BFDOOR39BLKSM,2
253-BFDOOR45BLKSM,5
253-BFGLASS33BLK,3
253-BFGLASS39BLK,10
253-BFGLASS45BLK,1
253-BFPLUGE,9
253-BFRC-KIT,28
253-BFSDOOR33BLK,3
253-BFSDOOR39BLK,5
253-BFSL33,19
253-BFSL33DOOR,3
253-BM3033-1801BW,1
253-CDFI500-BLKRCK,11
253-CDFI500-DWSKIT,9
253-CDFI500-PRO,79
253-CDFI500-RVRCK,1
253-CDFI-BX1000,9
253-CDFI-BX1500,2
253-CDFILOG,24
253-CDFI-PLUGKIT,116
253-CDFIPLUMB-KIT,35
253-CDFI-TMHEAT,11
253-DF3033ST,3
253-DFI2309,40
253-DFI2310,16
253-DFI23TRIMX,2
253-DGR32PLP,5
253-DM26-1152LR,5
253-DT1267BLK,6
253-DWF3651B,1
253-EVO100,11
253-EVO50,5
253-EVO60,21
253-EVO74,19
253-FEF3226L3,1
253-FG1500,5
253-GBF1000-GLASS,2
253-GBF1500-GLASS,4
253-GDS28L8-1924SK,1
253-GDS28L8-904ST,2
253-LF100DWS-KIT,5
253-LF34DWS-KIT,4
253-LF50DWS-KIT,6
253-LF74DWS-KIT,6
253-OLF46-AM,3
253-OLF66-AM,3
253-OLF86-AM,9
253-OLFPLUG,3
253-PF2325HG,8
253-PLF3614-XS,1
253-PLF5014-XS,3
253-PLF6014-XS,9
253-RB400,4
253-RBF24DLX,5
253-RBF24DLXWC,4
253-RBF24TRIM36,4
253-RBF24TRIM40,1
253-RBF30G,5
253-RBF30TRIM38,6
253-RBF30TRIM44,4
253-RBF30WCG,8
253-RBF36G,7
253-RBF36PG,9
253-RBF36PWCG,3
253-RBF36WCG,1
253-RBF42G,24
253-RBF42WCG,9
253-RBFGLASS30,12
253-RBFGLASS36,9
253-RBFGLASS36P,7
253-RBFGLASS42,12
253-RBFL24FC,3
253-RBFL30BR,3
253-RBFL30FC,2
253-RBFL42BR,5
253-RBFL42FC,6
253-RBFPLUG,117
253-REM-KIT,13
253-RLG20,15
253-RLG25,21
253-RLG25BR,7
253-RLG25FC,6
253-SIL60,12
253-SSE-ST-9040,1
253-SWM4220,1
253-VF2927L,5
253-VFA2927P,1
253-XHD26L,1
253-XHD28G,2
253-XHD33G,2
253-XHD33L,2
253-XLF100,28
253-XLF10017-XD,8
253-XLF50,34
253-XLF5017-XD,14
253-XLF60,65
253-XLF6017-XD,3
253-XLF74,102
253-XLF7417-XD,0.34
253-XLF8817-XD,14
253-XLFTRIM100,7
253-XLFTRIM50,14
253-XLFTRIM60,14
253-XLFTRIM74,20
253-XLFXDLINK,1
253-XLFXDPLUG,13
282-23073,2
282-29020,1
282-AC01000,2
282-AC01020,9
282-AC01021,18
282-AC01204,2
282-AC01211,2
282-AC01213,2
282-AC01223,4
282-AC01239,5
282-AC01263,2
282-AC01275,3
282-AC01277,2
282-AC01281,2
282-AC01291,2
282-AC01298,5
282-AC01299,2
282-AC01317,1
282-AC01321,6
282-AC01322,8
282-AC01333,2
282-AC01347,2
282-AC01349,6
282-AC01359,1
282-AC01374,2
282-AC01375,7
282-AC01379,3
282-AC01389,2
282-AC01420,6
282-AC01421,1
282-AC02023,6
282-AC02055,3
282-AC02082,3
282-AC02090,8
282-AC02091,2
282-AC02092,3
282-AC02351,2
282-AC02360,13
282-AC02621,3
282-AC02622,1
282-AC02629,2
282-AC02704,2
282-AC03095,2
282-AC03410,11
282-AC03411,6
282-AC05959,1
282-AC07822,1
282-AC09200,2
282-FP10R,7
282-FP10RK,1
282-FP10RS,1
282-FP15A,2
282-FP16,1
282-OA10032,11
282-OA10033,1
282-OA10041,4
282-OA10042,2
282-OA10116,4
282-OA10117,3
282-OA10122,10
282-OA10123,1
282-OA10125,7
282-OA10126,1
282-OA10128,9
282-OA10129,3
282-OA10132,1
282-OA10163,5
282-OA10164,2
282-OA10226,15
282-OA10235,3
282-OA10237,27
282-OA10238,2
282-OA10239,1
282-OA10242,2
282-OA10243,1
282-OA10244,2
282-OA10245,4
282-OA10247,3
282-OA10248,1
282-OA10249,8
282-OA10250,2
282-OA10251,2
282-OA10252,3
282-OA10253,4
282-OA10254,9
282-OA10260,3
282-OA10261,1
282-OA10262,1
282-OA10263,1
282-OA10500,2
282-OA10510,3
282-OA10610,4
282-OA10619,3
282-OA10620,2
282-OA10630,3
282-OA10700,3
282-OA10701,1
282-OA10704,2
282-OB00950,9
282-OB01700,6
282-OB01705,11
282-OB01900,5
282-OB02015,12
282-OB02016,20
282-OB02028,17
282-OB02032,1
282-OB02042,5
282-OB02045,15
282-OB02700,6
282-OB02700K,1
282-OB03300,6
282-OB03500,27
282-OB03510,10
282-OB04010,2
282-VA10FA06,1
282-VA10L02,1
282-VA10L04,1
282-VA10L05,2
282-VA10LS03,1
282-VA10LS05,1
282-VA10RE07,2
282-VA15FA06,1
282-VA15FL06,2
282-VA4460,1
292-BF 4GALFRY,16
292-BF FRYCART,12
292-BF FRYSTAND,8
292-CR18MV,2
292-FA FS2191,58
292-FA FS9151,23
292-FA FS9151P,2
292-FA P12,4
292-FA P14,12
292-FA P21B,2
292-FP 21,18
292-FP 21G,1
292-FP 21P,1
292-FP 74,50
292-FP 74G,1
292-FP 74P,1
292-FP 81,23
292-FP 81G,1
292-FP 91,14
292-FP 91P,4
292-FP ZC21,1
292-FP ZC21P,1
292-FP ZC74,12
292-FP ZC74P,5
292-GL CR18MVLP,24
292-GL CR18MVNAT,13
292-GL CR24MODLP,3
292-GL CR24MODNAT,3
292-GL CR24MVLP,52
292-GL CR24MVNAT,20
292-GL CR30MVLP,27
292-GL CR30MVNAT,9
292-GL CR8TLP,1
292-GL CR8TNAT,2
292-GL EV100OLP,2
292-GL EV100ONAT,7
292-GL EV200OLP,2
292-GL EV200ONAT,6
292-GL-ASPEN-MVLP,4
292-MA 19HS,11
292-MA 21SHIELD,2
292-MA 5126715,4
292-MA 6CHIMCNB,11
292-MA 8CHIMCNB,12
292-MA CVF714,1
292-MA ZCBB714,17
292-NV 11272NATPRES-DO,2
292-NV 11272NATPRES-LO,2
292-NV 344EBLP-CONTMP,31
292-NV 344EBLPMAN,30
292-NV 344EBNAT-CONTMP,18
292-NV 344EBNATMAN,7
292-NV 3844LP-DOORS,45
292-NV 3844NAT-DOORS,31
292-NV 42ZC4LP,3
292-NV 42ZCBB,21
292-NV 42ZCBBXL-OLP,21
292-NV 42ZCBBXL-ONAT,9
292-NV C11272LP,12
292-NV C11272NAT,4
292-NV C329B4EBNAT,1
292-NV S-TOWNSEND BLK-LP,8
292-NV S-TOWNSEND VC-LP,3
292-NV T-33LP,6
292-NV ZCBB,26
292-NV ZCBBXL-OLP,14
292-NV ZCBBXL-ONAT,10
292-PA 912651P,1
292-PA FP21,8
292-PA FP2112,4
292-PA FP3329-BLK,2
292-PA FP3412BLK,1
292-PA FP34BLK,16
292-PA FP38412-BLK,20
292-PA FP384-BLK,27
292-PA FP51,19
292-PA FP5112,13
292-PA FP81,5
292-PA FP8112,7
292-PA FP91,4
292-PA FPMANHTTN,18
292-PA FPT33,2
292-PA KDFP34,9
292-PA KDFP34LO,6
292-PA KDFPC34,1
292-PA KDM1127,3
292-PA KDM1127PRES-CHRY,1
292-PA KDM1127PRES-DO,1
292-PA KDM1127PRES-UF,1
292-PA KDM34329H,8
292-PA KDM34329HC,1
292-PA KDM34329HCU,1
292-PA KDM34329HD,6
292-PA KDM34329HDC,1
292-PA KDM34FH-GRAY,4
292-PA KDM34FHPR-BLUE-DO,1
292-PA KDM34FHPR-BLUE-LO,1
292-PA KDM34FHPRES-BLUE,1
292-PA KDM34FHPRES-SAGE,1
292-PA KDM34FHPR-GRAY-DO,1
292-PA KDM34FH-SAGE,2
292-PA KDM34FH-SAGE-LO,1
292-PA KDM34PRES-CHRY,3
292-PA KDM34PRES-DO,4
292-PA KDM34PRES-LO,7
292-PA KDM34PRES-UF,2
292-PA KDM42ZCBB,4
292-PA KDMC33,4
292-PA KDMCZCBB,1
292-PA KDMMANFH-BLUE,1
292-PA KDMMANFH-BLUE-LO,1
292-PA KDMMANPRES-BLK,2
292-PA KDMMANPRES-CHRY,1
292-PA KDMMANPRES-DO,4
292-PA KDMMANPRES-UF,2
292-PA KDMZCBB,2
292-PG 2124GL,1
292-PO 4001-A-NBS,4
292-PO 810104G,2
292-PO 910454P,1
292-PO AHP289,1
292-PO BPFB74,1
292-PO BPFB81B,2
292-PO FDC504-A,46
351-104000018-K,1
351-107000284,2
351-109000628,14
351-109001311,4
351-184118-S,17
351-189950,3
351-189958,13
351-222053,8
351-223176PP,1
351-223177PP,8
351-223181,14
351-223182,21
351-224050,3
351-224051,31
351-224052,27
351-224053,24
351-224063,18
351-224069,1
351-224077PP,1
351-224080PP,3
351-242141,4
351-CX199IN,5
351-H98-510-S,42
351-MC-195T-US,5
351-MC-601-W,24
351-MCC-601-W,3
351-MIVK-T-LW,242
351-PC20W,5
351-PCD01-EWV,11
351-PCD03-EWV,51
351-PCD03SM2BP,11
351-PCD09-SHS,91
351-PCD11-IB,5
351-RE140EN,5
351-RE140EP,6
351-RE140IN,7
351-RE160EN,19
351-RE160EP,38
351-RE160IN,16
351-RE160IP,27
351-RE180EN,73
351-RE180EP,47
351-RE180IN,45
351-RE180IP,21
351-RE199EN,45
351-RE199EP,43
351-RE199IN,34
351-RE199IP,12
351-REP160EN,1
351-REP160EP,11
351-REP160IP,14
351-REP199EP,6
351-REP199IP,2
351-REUEZC2,5
351-REUMSBC1,3
351-RGB20U,1
351-RGB25UC,46
351-RGB-CTWH-4,2
351-RGBCTWHRX,1
351-RGBRE,43
351-RL75EP,67
351-RL75IN,107
351-RL94IP,35
351-RLX94I-N,1
351-RSC160EN,2
351-RSC160EP,1
351-RSC160IN,5
351-RSC199EN,3
351-RSC199EP,2
351-RSC199IN,4
351-RU130IN,2
351-RU160EN,4
351-RU160EP,1
351-RU160IN,3
351-RU180EN,10
351-RU180IN,4
351-RU199IN,3
351-RWMKT01P,1
351-RWMPB01,4
351-RX130IN,30
351-RX160IN,33
351-RX180IN,27
351-RX199IN,27
351-RXOVC,31
351-RXP160IN,17
351-RXP199IN,47
351-TVK15PR,118
351-V53DEN,8
351-V53DEP,15
351-V65IN,23
351-V65IP,9
351-V75EP,12
352-LG2F3030T,5
,
